{
    "apiVersion": "v1",
    "kind": "Pod",
    "metadata": {
        "name": "glusterfs"
    },
    "spec": {
        "containers": [
            {
                "name": "glusterfs",
                "image": "harbor-001.jimmysong.io/library/pause-amd64:3.0",
                "volumeMounts": [
                    {
                        "mountPath": "/mnt/glusterfs",
                        "name": "glusterfsvol"
                    }
                ]
            }
        ],
        "volumes": [
            {
                "name": "glusterfsvol",
                "glusterfs": {
                    "endpoints": "glusterfs-cluster",
                    "path": "k8s-volume",
                    "readOnly": true
                }
            }
        ]
    }
}
